,S0001,S0002,S0003,S0004,S0005,S0006,S0007,S0008,S0009,S0010,S0011,S0012,S0013,S0014,S0015,S0016,S0017,S0018,S0019,S0020,S0021,S0022,S0023,S0024,S0025,S0026,S0027,S0028,S0029,S0030,S0031,S0032,S0033,S0034,S0035,S0036,S0037,S0038,S0039,S0040,S0041,S0042,S0043,S0044,S0045,S0046,S0047,S0048,S0049,S0050,S0051,S0052,S0053,S0054,S0055,S0056,S0057,S0058,S0059,S0060,S0061,S0062,S0063,S0064,S0065,S0066,S0067,S0068,S0069
824,0.0002,0,0.0001,0,0.0001,0,0.0001,0.0384,0.0001,0,0.0001,0.0001,0,0,0,0,0,0.0001,0,0,0,0.0001,0.0001,0.0001,0.0001,0,0.0001,0.0003,0.0001,0.039,0.0044,0.0001,0.0001,0.0001,0.0001,0.0446,0.0614,0.0003,0.0001,0.0001,0.0001,0.0002,0.0002,0,0.0001,0,0.0002,0.0001,0.0001,0.0288,0.0447,0.1191,0.0633,0,0.0001,0.0002,0.0001,0.0254,0.0524,0.0899,0.12,0.0349,0.0499,0.0115,0.0393,0.0323,0.0171,0,0.0001
849,0,0,0,0,0.0001,0,0.0001,0,0,0,0,0,0,0,0,0.0001,0,0,0,0.0001,0,0,0,0.0001,0,0.0001,0,0,0,0,0,0.0001,0,0,0,0,0,0.0001,0,0.0001,0,0,0,0,0,0,0,0,0,0,0,0,0,0,0.0001,0,0.0001,0.0033,0.0001,0,0.0002,0,0.0165,0.0443,0.0023,0.0088,0.0001,0,0.0001
1412,0.002,0.0022,0.0001,0.0002,0.0001,0,0.0403,0.0003,0.0002,0,0.0001,0.0001,0.0002,0.0002,0,0.0002,0.0001,0,0,0,0.0001,0.0308,0.0367,0.0001,0.0001,0.0002,0.0002,0.0002,0.0001,0.0001,0.0002,0.0003,0.0001,0.0001,0.0002,0.0001,0,0,0.0001,0.0001,0.0001,0.0124,0.0157,0,0.0001,0,0.0001,0.0001,0.0001,0.0001,0,0.0001,0,0,0.0001,0,0.0001,0.0001,0.0001,0,0.0001,0.0001,0.0001,0.0001,0.0004,0,0.0001,0.0102,0.0195
1972,0.0001,0.0004,0.0001,0,0.0002,0.0001,0,0.0001,0,0,0.0001,0,0.0002,0.0001,0,0,0.0004,0.0003,0,0.0002,0.0002,0.0001,0,0.0001,0.0001,0.0001,0.0001,0.0001,0,0.0001,0.0001,0.0003,0.0279,0.0002,0,0.0001,0.0002,0.0002,0,0,0.0002,0.0001,0,0.0001,0.0001,0.0244,0.0158,0.0001,0.0001,0.0001,0.0001,0.0001,0.0002,0.0002,0.0001,0.0157,0.0449,0,0,0.0001,0,0.0001,0,0,0,0,0,0,0.0002
2110,0.0001,0.0002,0.0001,0.0001,0,0.0001,0.0002,0.0002,0.0004,0.0002,0.0002,0.0001,0.0002,0.0001,0,0.0003,0.0001,0,0.0001,0,0,0.0001,0.0002,0.0002,0.0002,0.0002,0.0001,0.0003,0.0003,0.0042,0.0003,0.0001,0.0001,0.0001,0.0001,0.0001,0.0276,0,0.0003,0.0001,0.0001,0,0,0,0.0001,0,0,0.0002,0.0001,0.0001,0,0.0904,0.0205,0,0,0.0002,0.0001,0.0001,0.0002,0.0847,0.1098,0,0,0,0,0,0,0.0001,0.0001
2818,0.0001,0,0.0001,0.0001,0.0001,0,0,0.0449,0.0001,0.0001,0.0001,0.0001,0,0.0001,0.0001,0,0.0001,0.0001,0,0,0.0002,0.0001,0.0001,0.0003,0.0002,0.0002,0.0001,0.0002,0.0001,0.0196,0.052,0,0.0001,0.0001,0.0001,0.0055,0.0232,0.0001,0.0002,0.0001,0.0001,0.0001,0.0001,0.0002,0.0001,0.0002,0.0002,0.0001,0,0.0002,0.002,0.0453,0.0001,0.0001,0.0001,0.0001,0.0001,0.0001,0.0001,0.0393,0.0647,0.0001,0,0.0001,0.0002,0.0001,0,0,0
3174,0.0016,0.0028,0.0001,0.0002,0.0002,0.0002,0,0.0078,0.0002,0.0002,0.0002,0.0002,0,0.0002,0.0001,0.0345,0.0002,0.0002,0.0001,0.0002,0.0001,0.0002,0.0001,0,0.0002,0,0.0001,0.0002,0.0001,0.0131,0.0409,0.0003,0.0001,0,0.0001,0.021,0.0001,0.0001,0.0001,0,0.0002,0.0001,0,0.0003,0.0001,0.0002,0.0001,0.0001,0.0001,0.0108,0.0418,0.0001,0.0002,0,0.0001,0.0003,0.0001,0.0178,0.0082,0.0003,0.0002,0.0003,0.0213,0.019,0.0388,0.0803,0.0183,0.0001,0.0002
3911,0.0031,0.0035,0.0001,0.0067,0,0,0.0001,0.0001,0.0001,0,0,0.0612,0,0.0001,0.0001,0,0,0.004,0.048,0.0002,0.0001,0,0.0001,0.0001,0.0001,0.0001,0.0001,0,0.0001,0.0001,0.0003,0.0001,0,0.0001,0.0001,0.0001,0.0001,0.0022,0.0001,0.0001,0.0001,0.0001,0.0001,0.0001,0.0001,0.0001,0.0001,0.0002,0.0001,0,0.0001,0.0001,0.0001,0.0001,0.0001,0.0002,0.0001,0.0001,0.0001,0.0002,0.0001,0,0.0001,0.0001,0,0,0,0.0014,0.0014
4038,0.0205,0.0184,0.0013,0,0.0034,0,0.0004,0.0001,0,0.0077,0.0002,0.0096,0.0786,0.0255,0,0.0003,0,0.0003,0,0,0.0001,0,0,0.0001,0,0.0001,0.0001,0.027,0.0385,0,0,0,0,0.0175,0.0142,0.0001,0,0,0.0001,0.0001,0.0002,0.0001,0,0,0.0001,0.0001,0.0002,0.009,0.0472,0,0,0.0001,0.0001,0.0001,0.0003,0.0001,0.0003,0,0.0001,0.0001,0,0,0,0,0,0,0.0002,0,0
4114,0.0001,0.0001,0.0001,0,0.0001,0.0001,0,0.0001,0.0004,0.0001,0.0002,0.0001,0,0.0001,0.0277,0.0002,0.0002,0.0001,0.0001,0,0,0.0002,0,0.0001,0.0001,0,0.0002,0,0.0001,0,0.0001,0.0001,0.0001,0.0001,0.0001,0.0001,0.0001,0.0001,0.0001,0.0002,0.0002,0.0001,0.0001,0.0001,0,0.0001,0,0.0001,0.0001,0.0001,0.0002,0.0001,0.0001,0.0002,0,0,0.0001,0.0001,0.0002,0,0.0001,0,0,0,0,0,0.0001,0,0
4215,0.0003,0.0003,0.0001,0.0002,0.0001,0,0.0001,0.0977,0,0,0.0001,0,0.0001,0,0.0001,0,0,0,0.0001,0,0,0.0002,0,0.0001,0.0001,0.0005,0.0001,0.0001,0.0001,0.056,0.0449,0,0,0.0001,0,0.0793,0.0818,0.0001,0.0001,0,0.0001,0.0001,0.0001,0.0001,0.0001,0.0001,0,0.0002,0.0001,0.0758,0.1135,0.1225,0.0361,0.0001,0.0002,0,0,0.0486,0.0847,0.0738,0.1646,0.0882,0.1235,0.0414,0.107,0.0916,0.1438,0.0001,0.0003
4447,0.0001,0.0003,0.0001,0,0.0002,0.0002,0.0001,0.0177,0.0001,0,0.0002,0.0003,0.0001,0.0001,0,0.0001,0,0,0.0001,0,0.0001,0,0.0001,0.0001,0,0.0001,0.0001,0.0001,0.0001,0.0235,0,0,0.0001,0,0.0002,0.0147,0.0237,0.0001,0,0,0.0001,0.0001,0.0001,0.0001,0,0.0001,0.0001,0,0.0001,0.0242,0.0035,0.0027,0.0273,0.0001,0,0.0001,0.0001,0.0061,0.0499,0.0002,0.0001,0.0001,0.0253,0.009,0.023,0.0173,0.0328,0.0001,0.0001
4513,0,0.0001,0.0001,0.0002,0.0001,0.0002,0,0.0001,0.0002,0.0002,0.0001,0.0001,0.0003,0.0003,0.0004,0.0001,0.0001,0.0001,0.0001,0.0005,0.0002,0,0.0001,0,0,0.0001,0.0002,0.0001,0.0001,0.0001,0.0001,0.0001,0.0002,0.0001,0,0.0002,0.0002,0.0002,0.0001,0,0,0,0.0001,0.0001,0.0001,0.0001,0.0003,0,0.0001,0.0001,0.0002,0.0001,0.032,0.0002,0.0001,0.0002,0.0001,0.0001,0,0,0.0001,0.0002,0.0001,0.0001,0.0001,0,0.0003,0.0001,0
5008,0.0001,0.0001,0.0001,0.0001,0.0001,0,0.0001,0.0166,0.0001,0.0001,0.0001,0,0.0001,0.0001,0.0001,0,0,0.0001,0.0001,0.0001,0,0,0.0001,0.0001,0.0002,0.0001,0,0.0001,0.0001,0.0377,0.0217,0,0.0001,0,0.0001,0.0555,0.0435,0,0.0001,0.0001,0.0001,0.0002,0.0002,0,0,0,0.0001,0.0001,0,0.0672,0.0622,0.0001,0.0304,0.0001,0.0001,0,0.0001,0.0606,0.0776,0,0.0001,0.0259,0.0406,0.0507,0.0322,0.0597,0.0793,0,0
5564,0.0002,0.0007,0,0.0001,0,0,0.0001,0.0002,0,0.0001,0,0,0.0001,0,0,0.0004,0.0001,0.0001,0.0003,0,0.0001,0.0001,0.0001,0,0.0001,0,0.0002,0,0.0001,0.0003,0,0.0165,0.0002,0.0001,0.0002,0.0001,0,0,0,0.0002,0.0001,0,0.0001,0.0202,0.0258,0.0001,0.0001,0,0.0002,0.0001,0.0001,0.0001,0,0.0378,0.0553,0.0001,0.0001,0,0.0001,0,0.0001,0.0002,0,0,0,0,0,0,0.0002
6076,0,0.0002,0.0003,0.0005,0.0001,0.0003,0.0002,0.0003,0.0001,0.0001,0.0001,0.0002,0.0002,0.0001,0.0001,0.0001,0.0001,0.0001,0.0002,0.0003,0.0001,0.0199,0.0003,0.0001,0.0002,0.0002,0.0001,0.0002,0.0002,0.0001,0.0001,0.0002,0.0002,0.0001,0.0001,0.0002,0.0001,0.0001,0.0003,0.0003,0.0002,0.0323,0.0251,0.0002,0.0001,0.0002,0.0002,0.0001,0.0001,0.0002,0.0002,0.0003,0.0002,0.0001,0.0003,0.0001,0.0002,0.0001,0.0001,0.0001,0.0001,0.0002,0.0001,0,0.0001,0.0002,0.0003,0.0078,0.0126
6963,0.0002,0.0001,0.0001,0.0001,0.0002,0,0.0001,0.1441,0.0001,0.0002,0.0001,0.0001,0,0.0001,0,0.0002,0,0,0.0001,0.0005,0,0.0001,0,0.0001,0.0001,0.0001,0.0001,0.0001,0.0001,0.1565,0.115,0,0.0002,0.0001,0.0001,0.1598,0.1587,0.0001,0.0001,0.0001,0.0001,0,0.0002,0,0.0001,0.0001,0,0.0002,0.0001,0.1272,0.1312,0.2073,0.1683,0.0001,0.0002,0.0001,0,0.113,0.1693,0.1924,0.1991,0.1168,0.1381,0.088,0.0677,0.0522,0.054,0,0
7075,0.0001,0.0001,0,0.0001,0,0.0001,0.0001,0.0001,0.0087,0.0001,0,0.0001,0,0,0,0.0001,0.0001,0,0,0,0,0,0.0001,0.0001,0.0001,0.0153,0.0317,0,0.0001,0,0.0001,0.0035,0.0546,0.0001,0,0.0001,0.0001,0.0001,0.0001,0.0001,0,0,0.0001,0.0057,0.0026,0.0862,0.0561,0.0001,0,0.0001,0,0.0001,0.0001,0.0347,0.0022,0.142,0.0884,0,0,0.0001,0.0001,0.0001,0,0,0,0,0,0,0
8207,0.0103,0.0058,0.0002,0.0001,0.0001,0.0001,0.2266,0.0001,0.0001,0,0,0.0002,0.0003,0.0001,0.0001,0.0001,0.0001,0.0001,0.0003,0.0002,0,0.2359,0.1842,0.0002,0.0002,0.0001,0.0002,0.0001,0,0.0003,0.0002,0.0001,0.0001,0.0002,0,0.0002,0.0002,0.0002,0,0,0.0003,0.1911,0.1823,0.0001,0.0001,0.0001,0.0002,0.0002,0.0002,0.0002,0.0001,0.0001,0.0001,0.0001,0.0001,0.0001,0.0003,0,0.0001,0.0001,0.0001,0.0001,0.0001,0.0002,0.0002,0.0001,0,0.0834,0.1549
8922,0.0007,0.0007,0.0008,0.0005,0.0007,0.0006,0.0007,0.0438,0.0008,0.0005,0.0011,0.0008,0.0004,0.0007,0.0001,0.0001,0.0001,0.0001,0.0001,0,0.0001,0,0.0001,0.0003,0.0007,0.0006,0.0007,0.0007,0.0006,0.0323,0.05,0.0006,0.0004,0.0006,0.0009,0.0404,0.0348,0.0001,0,0.0001,0,0.0002,0,0,0.0001,0.0002,0,0.0002,0,0.0236,0.0236,0.015,0.0123,0.0001,0,0.0002,0,0.028,0.0375,0.0402,0.0497,0.0237,0.0079,0.0018,0.0001,0.0001,0.0001,0,0.0001
10372,0.0002,0.0001,0.0001,0.0001,0.0001,0.0001,0.0001,0.0002,0.0002,0.0001,0,0.0001,0.0701,0.0001,0.0002,0.0001,0.0001,0.0001,0.0001,0.0002,0.0001,0.0001,0.0003,0.0002,0.0001,0.0001,0.0001,0.0001,0.0001,0.0001,0.0001,0.0001,0.0002,0.0001,0.0002,0.0001,0.0001,0.0001,0,0.0001,0.0001,0.0002,0.0001,0.0001,0,0.0001,0.0002,0,0.0002,0.0001,0.0001,0.0001,0,0.0001,0.0001,0.0001,0.0001,0.0001,0.0001,0.0001,0.0001,0.0002,0.0002,0.0001,0,0.0001,0,0.0001,0.0001
11185,0.0001,0.0001,0.0001,0.0001,0.0002,0.0002,0.0001,0.0002,0.0001,0.0001,0,0,0.0001,0.0001,0.1394,0.0002,0.0001,0.0002,0.0001,0.0001,0.0003,0.0002,0.0001,0.0001,0.0001,0.0002,0.0001,0.0001,0.0001,0.0001,0.0003,0.0001,0.0001,0.0001,0.0001,0.0001,0.0001,0.0001,0.0002,0.0002,0.0002,0.0002,0.0001,0.0001,0.0001,0.0001,0.0001,0.0002,0.0002,0.0001,0.0001,0.0002,0.0002,0.0002,0.0003,0.0003,0.0001,0.0001,0.0002,0.0001,0.0002,0,0.0001,0.0001,0,0,0.0002,0.0002,0
11404,0.0003,0.0004,0.0001,0,0.0001,0.0002,0.0455,0,0.0001,0.0002,0.0001,0.0001,0.0001,0.0001,0.0001,0.0003,0.0001,0.0004,0.0001,0,0.0004,0.0481,0.039,0.0002,0.0001,0.0001,0.0002,0.0001,0.0002,0.0002,0.0001,0.0002,0,0.0001,0.0002,0.0001,0.0001,0.0001,0.0001,0.0002,0.0002,0.0248,0.0202,0.0001,0.0001,0.0001,0.0061,0.0001,0.0001,0.0002,0.0002,0.0001,0.0002,0.0001,0.0001,0.0001,0,0.0001,0.0001,0.0002,0.0001,0.0001,0.0001,0.0002,0,0.0001,0,0.0172,0.0318
11712,0.0004,0.0004,0.0001,0.0001,0.0004,0.0001,0.0003,0.0001,0.0001,0.0003,0.0002,0.0001,0.0003,0.0004,0,0.0001,0.0001,0,0.0001,0.0004,0.0001,0.0002,0.0002,0.0004,0,0.002,0.0003,0.0001,0,0.0002,0.0002,0.0004,0.0145,0.0002,0.0002,0.0001,0.0001,0.0001,0,0.0002,0.003,0.0001,0.0001,0.0001,0.0001,0.0204,0.0209,0.0001,0.0002,0.0001,0.0001,0.0001,0.0001,0.0002,0.0001,0.0165,0.0438,0.0003,0.0002,0.0004,0.0002,0.0001,0.0002,0.0002,0,0.0002,0.0003,0.0001,0
12839,0.0001,0.0002,0.0002,0.0001,0.0002,0.0003,0.0001,0.0003,0.0314,0.0001,0,0.0001,0.0002,0.0003,0,0.0001,0.0001,0.0001,0,0,0,0.0001,0.0001,0.0002,0.0003,0.01,0.0534,0.0001,0.0001,0.0001,0.0001,0.0001,0.0001,0.0001,0.0001,0.0001,0.0001,0,0.0001,0.0001,0.0001,0,0.0001,0,0.0001,0,0,0,0.0001,0.0001,0.0001,0.0001,0,0,0,0.0001,0,0.0001,0,0,0.0001,0,0.0001,0,0,0.0001,0.0001,0.0001,0.0001
13289,0.0004,0.0008,0.0004,0.0002,0.0002,0,0.0265,0.0003,0.0003,0.0002,0.0002,0.0003,0.0003,0.0002,0.0001,0.0003,0.0001,0.0001,0.0002,0.0003,0.0003,0.0225,0.0213,0.0003,0.0003,0.0001,0.0014,0.0003,0.0001,0.0002,0.0003,0.0001,0.0002,0.0002,0.0001,0.0003,0.0002,0.0003,0.0002,0.0003,0.0002,0.0389,0.0291,0.0002,0.0001,0.0002,0.0002,0.0002,0.0004,0.0002,0.0002,0.0002,0.0002,0.0003,0.0002,0.0002,0.0001,0.0002,0.0003,0.0003,0.0002,0.0001,0.0002,0.0004,0.0004,0.0001,0.0004,0.0079,0.0142
13709,0.0088,0.0114,0.0003,0.0004,0.0001,0.0001,0.0002,0.0003,0.0002,0.0958,0.0002,0.0329,0.0002,0.0002,0.0001,0.0103,0,0.0001,0.0001,0.1192,0.1431,0.0001,0,0.0002,0.0003,0.0002,0.0002,0.0002,0.0002,0.0002,0.0001,0.0002,0.0003,0.0004,0.0003,0.0004,0.0002,0.0001,0.0001,0.0987,0.1095,0.0002,0.0001,0.0002,0.0002,0,0.0001,0.0001,0,0,0.0001,0.0001,0.0001,0,0.0001,0,0,0.0001,0,0.0002,0.0002,0.0001,0,0.0001,0,0,0,0.0374,0.0106
15489,0,0,0.0001,0.0001,0,0.0002,0,0,0.0143,0.0001,0,0.0001,0.0001,0.0001,0,0,0.0001,0.0001,0.0001,0.0001,0,0.0001,0.0001,0.0001,0.0001,0.0026,0.0057,0.0001,0.0001,0,0.0002,0.0197,0,0.0001,0.0002,0.0001,0.0001,0.0001,0.0001,0.0001,0,0,0.0001,0.0217,0.0223,0.0001,0,0,0.0001,0,0.0001,0.0001,0,0.0073,0.0415,0,0,0,0,0,0.0001,0.0001,0,0.0002,0,0,0,0,0.0001
15798,0.0001,0.0001,0.0002,0.0002,0.0002,0.0002,0.0001,0.011,0.0001,0.0002,0.0001,0.0001,0.0002,0.0003,0.0002,0.0001,0.0001,0.0001,0.0001,0.0005,0.0001,0.0001,0.0001,0.0002,0.0001,0.0002,0.0002,0.0002,0.0002,0.0101,0.0139,0.0001,0.0001,0.0002,0,0.0057,0.0047,0.0003,0.0001,0.0001,0.0002,0.0001,0.0003,0.0001,0.0002,0.0003,0.0001,0.0001,0.0003,0.0483,0.0001,0.0051,0.0002,0.0001,0.0001,0.0001,0.0002,0.0704,0.0237,0.017,0.0063,0.083,0.028,0.0145,0.0683,0.0684,0.0522,0.0002,0.0001
7790,0.0862,0.0852,0.0002,0.3131,0.0388,0.3698,0.0001,0.0001,0.1321,0.0095,0.0001,0.16,0.2902,0.178,0,0.1638,0.0001,0.4272,0.3627,0,0.0028,0.0001,0.0001,0.0002,0.0001,0.1488,0.1466,0.1908,0.2475,0.0002,0.0003,0.1959,0.0846,0.159,0.22,0.0003,0.0003,0.3038,0.4286,0.0003,0.0001,0.0002,0.0002,0.1625,0.2752,0.1087,0.0643,0.1041,0.1226,0.0001,0.0001,0.0001,0,0.1549,0.1548,0.1416,0.1271,0.0003,0.0002,0.0001,0.0003,0,0.0002,0.0002,0.0001,0.0002,0.0001,0.1377,0.1087
13413,0,0,0.0553,0.0001,0.0001,0.0001,0.0002,0.0001,0,0.0001,0,0.0001,0.0001,0,0,0.0001,0,0.0001,0,0,0.0001,0.0001,0,0.0714,0.0828,0.0001,0,0.0001,0,0.0001,0.0001,0,0,0,0,0.0001,0.0001,0,0.0001,0.0002,0,0.0001,0.0002,0,0.0001,0,0,0,0.0001,0,0,0.0001,0,0,0.0001,0.0002,0.0002,0.0001,0,0.0001,0.0001,0.0001,0,0.0001,0.0001,0.0001,0.0001,0,0.0001
1797,0.0002,0.0001,0.0004,0.0002,0.0001,0.0002,0.0001,0.0002,0.0002,0.0002,0.0001,0.0002,0.0001,0.0001,0,0.0003,0,0.0001,0.0002,0,0.0001,0.0001,0.0002,0.0001,0.034,0.0001,0.0001,0.0002,0.0001,0.0001,0.0002,0.0002,0.0002,0.0002,0.0001,0.0001,0.0002,0.0003,0.0001,0.0001,0.0001,0.0001,0,0.0001,0.0001,0.0002,0.0001,0.0002,0.0002,0.0002,0,0.0001,0.0001,0.0002,0.0001,0.0001,0.0001,0.0001,0.0001,0.0002,0.0002,0.0002,0,0,0,0,0.0002,0.0002,0.0001
182,0.0001,0.0001,0.0001,0,0.0402,0.0001,0.0003,0.0001,0.0002,0.0003,0.0001,0.0001,0.0003,0.0002,0.0001,0.0001,0.0003,0,0,0,0.0001,0.0001,0.0002,0.0002,0.0001,0.0001,0.0001,0,0.0001,0,0.0002,0.0001,0.0001,0,0.0002,0.0001,0,0.0002,0.0003,0.0001,0,0,0.0001,0.0001,0.0002,0,0,0.0001,0,0,0.0001,0.0001,0.0001,0.0001,0.0002,0.0001,0.0001,0.0001,0,0.0001,0.0001,0.0001,0.0002,0.0003,0.0001,0.0001,0.0001,0.0001,0
309,0.01,0.0091,0.0004,0.0007,0.0003,0.0003,0.0006,0.0004,0.0009,0.0003,0.1314,0.0003,0.0002,0.0003,0.0009,0,0.0006,0.0005,0.0005,0.0016,0.0004,0.0004,0.0006,0.0002,0.0002,0.001,0.0006,0.0008,0.0007,0.001,0.0006,0.0005,0.0002,0.0003,0.0005,0.0002,0.0004,0.0008,0.001,0.0005,0.0009,0.0005,0.0002,0.0004,0.0001,0.0005,0.0005,0.0003,0.0002,0.0005,0.0004,0.0005,0.0005,0.0005,0.0001,0.0003,0.0004,0.0004,0.0002,0.0007,0.0008,0,0.0009,0.0004,0.0009,0.0008,0,0.0003,0.0003
1495,0.0002,0,0,0.0001,0,0.0001,0.0001,0.1662,0,0,0,0.0001,0,0.0001,0.0001,0,0,0.0001,0,0,0,0,0,0.0001,0,0.0002,0,0.0001,0.0001,0.2044,0.2161,0.0001,0,0.0001,0.0001,0.2562,0.2199,0,0,0.0001,0.0001,0,0.0001,0.0001,0.0001,0.0001,0,0.0001,0,0.2822,0.2562,0.1772,0.1926,0.0001,0,0.0001,0.0001,0.2975,0.2337,0.2276,0.1485,0.1876,0.2109,0.2616,0.1611,0.2219,0.247,0,0
5863,0.0001,0.0001,0.0002,0,0.0002,0.0001,0,0.0516,0,0.0001,0.0001,0.0002,0,0.0001,0.0002,0,0.0002,0.0001,0.0001,0,0.0003,0.0002,0.0001,0,0,0.0001,0.0002,0.0002,0,0.0324,0.0349,0,0.0001,0.0001,0.0001,0.0663,0.0218,0.0001,0,0.0002,0.0002,0,0.0002,0.0001,0.0002,0.0001,0.0001,0,0.0001,0.0854,0.0225,0.0307,0.045,0.0001,0.0001,0.0002,0.0001,0.1271,0.0751,0.0002,0.029,0.0904,0.1416,0.1746,0.178,0.1604,0.1464,0.0001,0
8003,0.2688,0.2651,0.1606,0.2638,0.2513,0.2975,0.0139,0.0003,0.2871,0.354,0.0003,0.258,0.1888,0.3453,0.0002,0.3027,0.0001,0.2317,0.1862,0.462,0.3739,0.0158,0.0269,0.1205,0.055,0.2773,0.2825,0.3149,0.3405,0.0002,0,0.1962,0.2614,0.3161,0.2667,0.0001,0.0002,0.2597,0.1674,0.5138,0.4186,0.0274,0.0168,0.2455,0.2611,0.2261,0.3376,0.2712,0.2685,0.0001,0.0001,0.0001,0.0002,0.235,0.2741,0.1916,0.1873,0.0001,0.0001,0.0002,0,0.0002,0,0,0.0001,0.0003,0.0003,0.2269,0.107
12062,0,0.0001,0.0001,0,0.0002,0,0,0,0.0001,0.0002,0,0.0001,0.0001,0.0001,0.0272,0.0002,0.0001,0.0001,0.0001,0,0,0,0,0.0001,0.0001,0.0001,0,0,0.0001,0,0.0001,0.0002,0.0001,0.0001,0,0,0.0001,0.0001,0,0.0001,0.0001,0.0001,0,0.0001,0,0,0,0.0008,0.0001,0.0001,0.0001,0.0001,0,0.0001,0.0001,0,0.0001,0.0001,0,0.0001,0.0001,0,0.0001,0.0001,0.0002,0.0001,0,0.0001,0.0002
12254,0,0,0,0,0,0,0.0001,0.0001,0.0002,0.0002,0.0002,0.0356,0.0002,0.0001,0.0001,0.0001,0.0001,0.0001,0.0001,0.0001,0.0001,0.0001,0.0071,0.0001,0.0001,0.0001,0,0.0001,0.0001,0,0.0001,0,0,0.0001,0,0,0.0001,0.0001,0.0001,0.0001,0,0.0002,0,0,0.0001,0.0001,0.0001,0.0001,0,0,0.0001,0.0001,0.0001,0,0,0.0001,0,0.0001,0.0002,0,0.0001,0.0001,0.0001,0,0.0001,0,0.0002,0.0001,0.0002
12790,0.0003,0.0005,0.0002,0.0095,0.0002,0.0001,0.0002,0.0001,0.0002,0.0002,0.0001,0.0001,0.0001,0.0001,0,0.0001,0.0001,0.021,0.0018,0.0001,0,0.0001,0.0001,0.0001,0.0001,0.0001,0,0.0001,0,0.0001,0.0001,0,0,0.0001,0,0.0001,0.0001,0.0508,0.003,0,0.0001,0.0001,0.0001,0.0001,0,0.0001,0,0.0001,0.0001,0.0001,0.0001,0,0,0,0,0,0,0.0001,0.0001,0,0,0.0001,0,0,0,0,0.0001,0.0063,0.0049
14437,0.0014,0.0008,0.0001,0.0002,0,0.0637,0.0001,0.0002,0.0002,0.0001,0.0001,0,0.0001,0.0002,0,0,0.0001,0.0001,0.0001,0.0001,0.0001,0,0.0001,0.0001,0,0,0,0.0001,0.0001,0.0001,0,0.0002,0.0001,0.0001,0,0.0001,0.0001,0,0.0001,0.0001,0,0,0.0001,0,0,0.0001,0.0001,0.0001,0.0001,0.0001,0.0001,0,0.0001,0,0.0001,0.0001,0.0001,0.0001,0.0002,0.0001,0,0,0,0.0002,0.0002,0.0002,0.0002,0.0001,0.0001
15089,0.0001,0.0001,0.0001,0.0001,0.0001,0.0002,0,0.0001,0,0.1005,0,0,0.0001,0.0001,0.0001,0.0001,0,0,0,0.0836,0.052,0.0001,0.0001,0.0001,0.0001,0,0.0001,0,0.0001,0.0001,0.0001,0.0001,0,0.0001,0.0001,0.0001,0.0001,0.0001,0.0001,0.139,0.1218,0,0,0,0.0001,0.0001,0.0001,0,0,0.0001,0.0001,0.0001,0.0002,0,0.0001,0.0001,0,0.0001,0.0001,0,0.0001,0.0006,0.0001,0.0001,0.0001,0.0002,0.0001,0.0257,0.0067
15641,0.0017,0.0019,0.0001,0,0.0001,0.0001,0.0394,0.0001,0.0001,0,0.0001,0.0001,0,0.0001,0,0,0.0001,0.0002,0.0001,0,0,0.0311,0.0374,0.0002,0,0,0.0001,0.0001,0.0001,0,0.0002,0,0,0,0.0001,0.0001,0.0001,0,0,0,0,0.0137,0.016,0.0001,0,0,0,0.0001,0,0.0001,0.0001,0,0,0,0.0001,0,0,0.0001,0,0,0,0.0001,0,0,0.0001,0.0001,0,0.0102,0.0192
16252,0,0,0.0001,0.0002,0.0004,0.0001,0.0001,0.0001,0.0001,0,0,0.0001,0,0.0001,0,0,0.0002,0.0001,0.0001,0,0.0001,0,0,0.0001,0,0.0019,0,0,0.0001,0,0,0.0054,0,0,0.0001,0,0,0.0001,0,0,0,0,0,0.0002,0.0425,0,0,0.0001,0.0001,0.0001,0.0001,0.0001,0.0001,0.0001,0,0,0,0.0001,0,0.0001,0.0001,0.0001,0,0.0001,0,0.0004,0.0001,0.0001,0
